Types of advertising services,GST Treatment,context
"Media SalesE.g. Sale of airtime, advertising space and web media space in various media modes","With effect from 1 Jan 2022 The GST treatment depends on the belonging status of the contracting party and the party directly benefitting from the service (“direct beneficiary”)Contract with a local customerStandard-rate Contract with an overseas customerZero-rated under Section 21(3)(j) of the GST Act if the service directly benefits an overseas person and/or GST-registered person in Singapore. Otherwise, the service has to be standard-rated.The Comptroller considers your contractual client as the sole direct beneficiary of the services if the two conditions are met:The service agreement does not specify or require the services to be provided to anyone else; and You only liaise with your client and are responsible to them for the service deliverables.Prior to 1 Jan 2022The GST treatment depends on the place of circulation of the advertisementLocal circulation Standard-rateOverseas circulation Zero-rate under section 21(3)(u) of the GST ActMixed circulation If at least 51% of the total circulation of the same advertisement is overseas, the service may be zero-rated.",advertising table_0
"Media planningE.g. Consultation and advisory services involving the choice of media, timing, frequency, etc. to optimise client’s media investment","The GST treatment depends on the belonging status of the contracting party and direct beneficiary Contract with a local customerStandard-rateContract with an overseas customerZero-rate under section 21(3)(j) of the GST Act if the service directly benefits an overseas person and/or a GST-registered person in Singapore. Otherwise, the service has to be standard-rated.",advertising table_0
Creative & production salesE.g. Services that involve designing and producing the advertising artwork,"The GST treatment depends on the belonging status of the contracting party and direct beneficiary Contract with a local customerStandard-rateContract with an overseas customerZero-rate under section 21(3)(j) of the GST Act if the service directly benefits an overseas person and/or a GST-registered person in Singapore. Otherwise, the service has to be standard-rated.",advertising table_0
Brand public relationsE.g. Public Relations consultation and management of reputation and relationships.,"The GST treatment depends on the belonging status of the contracting party and direct beneficiary Contract with a local customerStandard-rateContract with an overseas customerZero-rate under section 21(3)(j) of the GST Act if the service directly benefits an overseas person and/or a GST-registered person in Singapore. Otherwise, the service has to be standard-rated.",advertising table_0
Event organisingE.g. Organising exhibitions or conventions for promotional campaigns,"The GST treatment depends on where the exhibition or convention is heldHeld overseas Zero-rate under section 21(3)(i) if the event is held wholly outside SingaporeHeld in Singapore Zero-rate under section 21(3)(k) of the GST Act if the service is contractually provided to an overseas person in his business capacity; and directly benefits an overseas person and/or a GST-registered person in Singapore.Otherwise, the service has to be standard-rated.",advertising table_0
