What You Want to Do,Type of Digital Service,context
File your taxes,1) File Estimated Chargeable Income (ECI) 2) File Form C-S/ Form C-S (Lite) 3) File Form C 4) File Form for Dormant Company 5) Submit Document,basic-guide-to-corporate-income-tax-for-companies             Corporate Income Tax Digital Services Available        
Check your tax assessment,6) View Corporate Income Tax Filing Status 7) View Notices/ Letters - Corporate Income Tax 8) View Donations,basic-guide-to-corporate-income-tax-for-companies             Corporate Income Tax Digital Services Available        
Object to your tax assessment,9) Revise/ Object to Assessment,basic-guide-to-corporate-income-tax-for-companies             Corporate Income Tax Digital Services Available        
Check how much you owe IRAS,10) View Account Summary 11) View Payment Plan,basic-guide-to-corporate-income-tax-for-companies             Corporate Income Tax Digital Services Available        
Others,12) Access Company Dashboard 13) Access Tax Agent Digital Services (only available for tax agents) 14) Apply for Certificate of Residence (COR) 15) Apply for Waiver/ File last Form C-S/ C (Dormant/ Striking Off) 16) Update  Corporate Profile/ Contact Details 17) Update Notice Preferences,basic-guide-to-corporate-income-tax-for-companies             Corporate Income Tax Digital Services Available        
