Total Net Asset Value (NAV),"Total assets - Total liabilities = $800,000 - $500,000 = $300,000","Total assets - Total liabilities = $800,000 - $500,000 = $300,000.1",context
NAV per preference share,Capital,Surplus asset,buying-or-acquiring-shares             Example 3: Preference shares have priority to the return of capital over ordinary shares and equal rights to participation in surplus assets        
NAV per preference share,"Return of capital to preference shares / Number of preference shares = $200,000 / 200,000 = $1",No surplus left for distribution,buying-or-acquiring-shares             Example 3: Preference shares have priority to the return of capital over ordinary shares and equal rights to participation in surplus assets        
NAV per preference share,NAV per preference share = $1,NAV per preference share = $1,buying-or-acquiring-shares             Example 3: Preference shares have priority to the return of capital over ordinary shares and equal rights to participation in surplus assets        
NAV per ordinary share,Capital,Surplus asset,buying-or-acquiring-shares             Example 3: Preference shares have priority to the return of capital over ordinary shares and equal rights to participation in surplus assets        
NAV per ordinary share,"Return of capital to ordinary shares / Number of ordinary shares = $(300,000 – 200,000) / 200,000 = $0.50",No surplus left for distribution,buying-or-acquiring-shares             Example 3: Preference shares have priority to the return of capital over ordinary shares and equal rights to participation in surplus assets        
NAV per ordinary share,NAV per ordinary share = $0.50,NAV per ordinary share = $0.50,buying-or-acquiring-shares             Example 3: Preference shares have priority to the return of capital over ordinary shares and equal rights to participation in surplus assets        
Stamp Duty,"0.2% x NAV for the total shares transferred = 0.2% x [($0.50 x 10,000) + ($1 x 20,000)] = 0.2% x ($5,000 + $20,000) = 0.2% x $25,000 = $50","0.2% x NAV for the total shares transferred = 0.2% x [($0.50 x 10,000) + ($1 x 20,000)] = 0.2% x ($5,000 + $20,000) = 0.2% x $25,000 = $50",buying-or-acquiring-shares             Example 3: Preference shares have priority to the return of capital over ordinary shares and equal rights to participation in surplus assets        
