Total Net Asset Value (NAV),"Total assets - Total liabilities = $1,000,000 - $500,000 = $500,000","Total assets - Total liabilities = $1,000,000 - $500,000 = $500,000.1",context
NAV per preference share,Capital,Surplus asset,buying-or-acquiring-shares             Example 2: Preference shares and ordinary shares have equal priority to the return of capital and equal rights to participation in surplus assets        
NAV per preference share,"Return of capital to preference shares / Number of preference shares = $200,000 / 200,000 = $1","Equal rights to surplus asset Balance of NAV after return of capital to preference and ordinary shares = Total NAV - Return of capital to preference and ordinary share = $500,000 - ($200,000 + $200,000) = $100,000  Distribution of surplus asset (per share) = $100,000 / 400,000 = $0.25",buying-or-acquiring-shares             Example 2: Preference shares and ordinary shares have equal priority to the return of capital and equal rights to participation in surplus assets        
NAV per preference share,NAV per preference share = $1 + $0.25 = $1.25,NAV per preference share = $1 + $0.25 = $1.25,buying-or-acquiring-shares             Example 2: Preference shares and ordinary shares have equal priority to the return of capital and equal rights to participation in surplus assets        
NAV per ordinary share,Capital,Surplus asset,buying-or-acquiring-shares             Example 2: Preference shares and ordinary shares have equal priority to the return of capital and equal rights to participation in surplus assets        
NAV per ordinary share,"Return of capital to ordinary shares / Number of ordinary shares = $200,000 / 200,000 = $1","Equal rights to surplus asset Balance of NAV after return of capital to preference and ordinary shares = Total NAV - Return of capital to preference and ordinary share = $500,000 - ($200,000 + $200,000) = $100,000  Distribution of surplus asset (per share) = $100,000 / 400,000 = $0.25",buying-or-acquiring-shares             Example 2: Preference shares and ordinary shares have equal priority to the return of capital and equal rights to participation in surplus assets        
NAV per ordinary share,NAV per ordinary share = $1 + $0.25 = $1.25,NAV per ordinary share = $1 + $0.25 = $1.25,buying-or-acquiring-shares             Example 2: Preference shares and ordinary shares have equal priority to the return of capital and equal rights to participation in surplus assets        
Stamp Duty,"0.2% x NAV for the total shares transferred = 0.2% x [($1.25 x 10,000) + ($1.25 x 20,000)] = 0.2% x ($12,500 + $25,000) = 0.2% x $37,500 = $75","0.2% x NAV for the total shares transferred = 0.2% x [($1.25 x 10,000) + ($1.25 x 20,000)] = 0.2% x ($12,500 + $25,000) = 0.2% x $37,500 = $75",buying-or-acquiring-shares             Example 2: Preference shares and ordinary shares have equal priority to the return of capital and equal rights to participation in surplus assets        
