Filing frequency,Cycle of accounting periods,context
Quarterly,"Jan-Mar, Apr-Jun, Jul-Sep, Oct-Dec (for businesses with financial year ending Mar, Jun, Sep or Dec)",changing-gst-accounting-periods table_0
Quarterly,"Feb-Apr, May-Jul, Aug-Oct, Nov-Jan (for businesses with financial year ending Jan, Apr, Jul or Oct)",changing-gst-accounting-periods table_0
Quarterly,"Mar-May, Jun-Aug, Sep-Nov, Dec-Feb (for businesses with financial year ending Feb, May, Aug or Nov)",changing-gst-accounting-periods table_0
Monthly,Every month,changing-gst-accounting-periods table_0
