YA,CIT Rebate,Capped at,context
[UPDATED!] 2024,50%,"$40,000 less CIT Rebate Cash Grant of $2,000 where applicable.",corporate-income-tax-rate-rebates-and-tax-exemption-schemes             Rebate Percentages & Caps        
2020,25%,"$15,000",corporate-income-tax-rate-rebates-and-tax-exemption-schemes             Rebate Percentages & Caps        
2019,20%,"$10,000",corporate-income-tax-rate-rebates-and-tax-exemption-schemes             Rebate Percentages & Caps        
2018,40%,"$15,000",corporate-income-tax-rate-rebates-and-tax-exemption-schemes             Rebate Percentages & Caps        
2017,50%,"$25,000",corporate-income-tax-rate-rebates-and-tax-exemption-schemes             Rebate Percentages & Caps        
2016,50%,"$20,000",corporate-income-tax-rate-rebates-and-tax-exemption-schemes             Rebate Percentages & Caps        
2013 to 2015,30%,"$30,000",corporate-income-tax-rate-rebates-and-tax-exemption-schemes             Rebate Percentages & Caps        
