Financial Institution,Definition,context
Custodial Institution (Section 5.3 of e-Tax guide),"A Custodial Institution is an Entity that holds, as a substantial portion of its business, Financial Assets for the account of others.",crs-registration-and-deregistration             Types of Financial Institution under the CRS        
Depository Institution (Section 5.4 of e-Tax Guide),A Depository Institution is an Entity that accepts deposits in the ordinary course of a banking or similar business.,crs-registration-and-deregistration             Types of Financial Institution under the CRS        
Investment Entity (Section 5.5 of e-Tax Guide),"Type A – An Entity that primarily conducts as a business investment, activities or operations for or on behalf of other persons; or Type B – An Entity that derives its gross income from investing, reinvesting,  or trading in Financial Assets, and is managed by a FI (including a Type A Investment Entity).",crs-registration-and-deregistration             Types of Financial Institution under the CRS        
Specified Insurance Company (Section 5.11 of e-Tax Guide),"A Specified Insurance Company is any Entity that is an insurance company (or the holding company of an insurance company) that issues, or is obligated to make payments with respect to a Cash Value Insurance Contract or an Annuity Contract.",crs-registration-and-deregistration             Types of Financial Institution under the CRS        
