Qualifying expenses,Description,context
a. Business advisory,Advisory on market promotion and execution plans (e.g. choice of suitable e-commerce platforms),double-tax-deduction-for-internationalisation-scheme Enhancements to the Scheme
b. Account creation,Assistance with setting up accounts on e-commerce platformsRight to sell on e-commerce platforms,double-tax-deduction-for-internationalisation-scheme Enhancements to the Scheme
c. Content creation,"Design of e-commerce campaign publicity materials (e.g. e-store banners, online product images)",double-tax-deduction-for-internationalisation-scheme Enhancements to the Scheme
d. Product listing and placement,Upload of content on products and services to e-commerce platformsSelection of suitable frequency and timing to display content on products and services,double-tax-deduction-for-internationalisation-scheme Enhancements to the Scheme
