No.,Reasons Which Are Not Acceptable,context
1,Staff on maternity leave,due-dates-and-requests-for-extension Unacceptable reasons for extension
2,Director or key accounts personnel is overseas,due-dates-and-requests-for-extension Unacceptable reasons for extension
3,Staff has resigned without proper handover,due-dates-and-requests-for-extension Unacceptable reasons for extension
4,Closing of accounts at year-end,due-dates-and-requests-for-extension Unacceptable reasons for extension
5,New accounts personnel does not know how to handle GST matters,due-dates-and-requests-for-extension Unacceptable reasons for extension
6,No computer,due-dates-and-requests-for-extension Unacceptable reasons for extension
7,Not enough manpower to handle GST matters,due-dates-and-requests-for-extension Unacceptable reasons for extension
