Title,When to Use the Forms,Last Updated,context
Form ED 7 pages & 4 statements (185 KB),"To be used after the Originating Summons and Statement for Probate/Letters of Administration in Singapore are granted and For deaths before 1 Jan 2002For deaths on or after 1 Jan 2002 but before 15 Feb 2008 All dutiable casesNon-dutiable cases when Forms SC are not applicableDocuments to submit together with the form: Death CertificateObservations FormSchedule of Immovable Property (where applicable)Originating Summons & Statement for Probate/Letters of AdministrationDeceased's last Will (if applicable)Relevant supporting documents in respect of the assets declared (e.g. bank letters, insurance letters, etc.)",Jan 2007,estate-duty-forms table_1
Form of Account 2 pages & 1 statement (77 KB),"To be used where Grant of Representation is not required in SingaporeThe form takes about 10 minutes to complete. Before completing the formPlease have the following documents ready:Copy of the deceased's death certificate; andDeceased's list of assets and their market value as at Date of Death.Documents to submit together with the form:Death CertificateObservations FormSchedule of Immovable Property (where applicable)Relevant supporting documents in respect of the assets declared (e.g. bank letters, insurance letters, etc.)",Jan 2007,estate-duty-forms table_1
Observations Form 2 pages (29 KB),To be completed for all cases filed to the Commissioner of Estate Duties. The form takes about 10 minutes to complete.Before completing the formPlease have the following documents ready:Copy of the deceased's death certificate; andDeceased's list of assets and their market value as at Date of Death.,Jul 2007,estate-duty-forms table_1
Schedule of Immovable Property 2 pages (72 KB),To be completed for cases where deceased had immovable property (including HDB shophouses) other than HDB FlatThe form takes about five minutes to complete. Before completing the formPlease have the following documents ready:Legal descriptions of the properties (e.g. Lot No.). The information might be available at Integrated Land Information Service .Address of the properties;Usage of the properties;Deceased's share of the properties; andMarket value of the properties as at Date of Death.,Jan 2007,estate-duty-forms table_1
