Unnamed: 0,Before you are GST registered,After you are GST registered,context
Purchase price from supplier,$100 (no GST)),$100 (no GST),factors-to-consider-before-registering-voluntarily-for-gst             Example 2: Supplier is not GST-registered        
Sales price to customer,$200,$218($200 + $18 (GST)),factors-to-consider-before-registering-voluntarily-for-gst             Example 2: Supplier is not GST-registered        
GST(payable to IRAS or claimable from IRAS),$0,Payable $18 GST ($18 - $0),factors-to-consider-before-registering-voluntarily-for-gst             Example 2: Supplier is not GST-registered        
Your gross profit(sales price - purchase price - GST paid to IRAS),$100  ($200 - $100 - $0),$100($218 - $100 - $18),factors-to-consider-before-registering-voluntarily-for-gst             Example 2: Supplier is not GST-registered        
