Unnamed: 0,Before you are GST registered,After you are GST registered,context
Purchase price from supplier,$109($100 + $9 (GST)),$109($100 + $9 (GST)),factors-to-consider-before-registering-voluntarily-for-gst             Example 1: Supplier is GST-registered        
Sales price to customer,$200,$218($200 + $18 (GST)),factors-to-consider-before-registering-voluntarily-for-gst             Example 1: Supplier is GST-registered        
GST(payable to IRAS or claimable from IRAS),$0,Payable $9 GST($18 - $9),factors-to-consider-before-registering-voluntarily-for-gst             Example 1: Supplier is GST-registered        
Your gross profit(sales price - purchase price - GST pay to IRAS),$91($200 - $109 - $0),$100($218 - $109 - $9),factors-to-consider-before-registering-voluntarily-for-gst             Example 1: Supplier is GST-registered        
