Unnamed: 0,Before you are GST registered,After you are GST registered,context
Sale price of goods,$200,$200,factors-to-consider-before-registering-voluntarily-for-gst             Example 4: Zero-rated supplies        
Purchase price of goods,$109(cannot claim GST),$109(inclusive of GST $9),factors-to-consider-before-registering-voluntarily-for-gst             Example 4: Zero-rated supplies        
GST paid to/ claimed from IRAS(GST charged on sale - GST incurred on purchase),$0,Claimed $9,factors-to-consider-before-registering-voluntarily-for-gst             Example 4: Zero-rated supplies        
Gross profit(Sale price - Purchase price + GST claimed from IRAS),$91,$100,factors-to-consider-before-registering-voluntarily-for-gst             Example 4: Zero-rated supplies        
