Unnamed: 0,Mrs Lee,context
Levy rate per month,$60,i-have-a-newborn             Example 4: Husband paid levy at concessionary rate in 2023        
No. of months levy paid in 2023,3,i-have-a-newborn             Example 4: Husband paid levy at concessionary rate in 2023        
Total levy paid in 2023,$180,i-have-a-newborn             Example 4: Husband paid levy at concessionary rate in 2023        
Amount claimable in YA 2024,$360 (2 x $180),i-have-a-newborn             Example 4: Husband paid levy at concessionary rate in 2023        
