Chargeable Income,Income Tax Rate (%),Gross Tax Payable ($),context
"First $20,000 Next $10,000",0 2,0 200,individual-income-tax-rates For YA 2014 to YA 2016
"First $30,000 Next $10,000",- 3.50,200 350,individual-income-tax-rates For YA 2014 to YA 2016
"First $40,000 Next $40,000",- 7,"550 2,800",individual-income-tax-rates For YA 2014 to YA 2016
"First $80,000 Next $40,000",- 11.5,"3,350 4,600",individual-income-tax-rates For YA 2014 to YA 2016
"First $120,000 Next $40,000",- 15,"7,950 6,000",individual-income-tax-rates For YA 2014 to YA 2016
"First $160,000 Next $40,000",- 17,"13,950 6,800",individual-income-tax-rates For YA 2014 to YA 2016
"First $200,000 Next $120,000",- 18,"20,750 21,600",individual-income-tax-rates For YA 2014 to YA 2016
"First $320,000 In excess of $320,000",- 20,42350,individual-income-tax-rates For YA 2014 to YA 2016
