Date of Event,Description of Event,Amount,"Total Premium, Penalty and/or Interest payable",context
1 Feb 2021,Policy Renewal Date - premium for Policy Year 2021 due for payment,"$1,000.00","$1,000.00","medishield-life-(mshl)             (i) Illustration for computation of Late Payment Penalty and Interest, with no payment received: Policy renewal date: 1 February 2021        "
1 Apr 2021,"Demand Note served to notify of 5% late payment penalty amount of $50.00 (i.e. 5% x $1,000) that will be imposed on the premium if full payment is not received by the due date - 22 Apr 2021.",-,"$1,000.00","medishield-life-(mshl)             (i) Illustration for computation of Late Payment Penalty and Interest, with no payment received: Policy renewal date: 1 February 2021        "
23 Apr 2021,Add: 5% late payment penalty for Policy Year 2021,$50.00,"$1,050.00","medishield-life-(mshl)             (i) Illustration for computation of Late Payment Penalty and Interest, with no payment received: Policy renewal date: 1 February 2021        "
1 Feb 2022,Premium remains outstanding after 1 policy year.Demand Note served to notify of the 4% interest that will be imposed on the premium that remains outstanding after the due date - 22 Feb 2022.,-,"$1,050.00","medishield-life-(mshl)             (i) Illustration for computation of Late Payment Penalty and Interest, with no payment received: Policy renewal date: 1 February 2021        "
23 Feb 2022,"Add: Interest compounded on premium for Policy Year 2021 that remains outstanding (i.e. 4% x $1,000)",$40.00,"$1,090.00","medishield-life-(mshl)             (i) Illustration for computation of Late Payment Penalty and Interest, with no payment received: Policy renewal date: 1 February 2021        "
23 Apr 2022,"Premium remains outstanding 1 year after the 5% late payment penalty was imposed.Demand Note issued to notify of 12% late payment penalty amount of $120 (i.e. 12% x $1,000) that will be imposed on the outstanding premium if full payment is not received by the due date - 14 May 2022.",-,"$1,090.00","medishield-life-(mshl)             (i) Illustration for computation of Late Payment Penalty and Interest, with no payment received: Policy renewal date: 1 February 2021        "
15 May 2022,Add: 12% late payment penalty for Policy Year 2021,$120.00,"$1,210.00","medishield-life-(mshl)             (i) Illustration for computation of Late Payment Penalty and Interest, with no payment received: Policy renewal date: 1 February 2021        "
