Taxable income of Club ABC,$,context
Rent,10000,overview_bodiesofpersons             Example 1: Club ABC deemed not to be carrying on a business (More than 50% of gross revenue from members)        
Dividends (Gross),2000,overview_bodiesofpersons             Example 1: Club ABC deemed not to be carrying on a business (More than 50% of gross revenue from members)        
Interest,3000,overview_bodiesofpersons             Example 1: Club ABC deemed not to be carrying on a business (More than 50% of gross revenue from members)        
Total Chargeable Income,15000,overview_bodiesofpersons             Example 1: Club ABC deemed not to be carrying on a business (More than 50% of gross revenue from members)        
