Qualifying Year,Payout Period,context
2022,Q1 2023,"progressive-wage-credit-scheme-(pwcs)#5--my-employee-receives-a-gross-monthly-wage-increase-of--200--from--2-950-in-2022-to--3-150-in-2023--would-this-increase-qualify-for-pwcs-support-             Example 4: Employee who earns $2,800 per month in 2023, and has gross monthly wage increase of $1,250 in January of each year        "
2023,Q1 2024,"progressive-wage-credit-scheme-(pwcs)#5--my-employee-receives-a-gross-monthly-wage-increase-of--200--from--2-950-in-2022-to--3-150-in-2023--would-this-increase-qualify-for-pwcs-support-             Example 4: Employee who earns $2,800 per month in 2023, and has gross monthly wage increase of $1,250 in January of each year        "
2024,Q1 2025,"progressive-wage-credit-scheme-(pwcs)#5--my-employee-receives-a-gross-monthly-wage-increase-of--200--from--2-950-in-2022-to--3-150-in-2023--would-this-increase-qualify-for-pwcs-support-             Example 4: Employee who earns $2,800 per month in 2023, and has gross monthly wage increase of $1,250 in January of each year        "
2025,Q1 2026,"progressive-wage-credit-scheme-(pwcs)#5--my-employee-receives-a-gross-monthly-wage-increase-of--200--from--2-950-in-2022-to--3-150-in-2023--would-this-increase-qualify-for-pwcs-support-             Example 4: Employee who earns $2,800 per month in 2023, and has gross monthly wage increase of $1,250 in January of each year        "
2026,Q1 2027,"progressive-wage-credit-scheme-(pwcs)#5--my-employee-receives-a-gross-monthly-wage-increase-of--200--from--2-950-in-2022-to--3-150-in-2023--would-this-increase-qualify-for-pwcs-support-             Example 4: Employee who earns $2,800 per month in 2023, and has gross monthly wage increase of $1,250 in January of each year        "
